Ticker,Close,Surge_Probability,Target_5pct,Stop_Loss,volume_surge_ratio,rs_nifty_1d,vol_rank_today,cmf_20,rsi_14
NELCAST,146.2899932861328,0.8632242719942255,153.60449295043946,135.705351965768,13.196734838064629,0.18280660866666743,0.999353169469599,0.5123645219605105,86.8852504613416
PNGSREVA,631.0,0.8231546211108699,662.5500000000001,588.8767863682339,12.422274576702527,0.16074107452928244,0.9987063389391979,0.3179468985088709,85.15390380982127
DHANBANK,32.83000183105469,0.8221722322062951,34.47150192260742,30.223216329302105,10.475703158845677,0.14634225543586343,0.9974126778783958,0.2886151331215048,63.76109899135189
JAYKAY,263.45001220703125,0.7973355472257041,276.6225128173828,238.14501135689872,3.0677687285670547,0.1052147219815579,0.961836998706339,0.371314365936199,89.71259020772783
INDIAGLYCO,382.70001220703125,0.792897151685878,401.83501281738285,346.1642962864467,7.639727907278512,0.20747240624378172,0.9922380336351876,0.4894408519891725,77.25783263611669
CHEMPLASTS,228.22000122070312,0.79164087578754,239.6310012817383,209.08000128609794,5.428988940270002,0.09311911182387866,0.9838292367399741,0.38351944991132236,81.13790738276481
CHENNPETRO,1612.300048828125,0.7894203970010495,1692.9150512695314,1507.857186453683,7.9226199329723475,0.15457093832072932,0.9941785252263907,0.17733546082273516,69.820002483396
MBEL,290.6000061035156,0.7854448654440983,305.13000640869143,271.5200091770717,15.007130809889855,0.1453763068096784,1.0,0.39360594699062895,72.52925073814494
INOXGREEN,135.8699951171875,0.781539103866791,142.6634948730469,125.7974957057408,4.327870785601686,-0.06553132043880416,0.9793014230271668,-0.20292640035284237,9.283733848695334
V2RETAIL,163.9499969482422,0.7764319866202715,172.1474967956543,151.13142885480607,1.5878410687846152,-0.04025632046406258,0.8796895213454075,-0.13462448141728897,16.62595975547036
MARSONS,132.4499969482422,0.7756564862488077,139.0724967956543,122.8178539276123,6.3871071746381425,0.11838279119281003,0.9877102199223803,-0.26674958403694077,63.16561081654125
NARMADA,11.350000381469727,0.7643883263937885,11.917500400543213,10.397500549043928,1.0949716934358724,-0.054385643720264776,0.7432082794307892,-0.39638856738260764,4.693145742154769
JSLL,417.20001220703125,0.7633298735131622,438.0600128173828,387.2638903452445,5.596847729420467,-0.046906396227126335,0.9844760672703752,-0.31258322165365965,28.378110702241003
WALCHANNAG,223.99000549316406,0.7429988148399049,235.18950576782228,209.3457238333566,8.981587530618127,0.10467382825041815,0.9967658473479948,0.24223982579471134,66.56605791448621
SALSTEEL,86.44000244140625,0.7418724794440031,90.76200256347657,78.39571653093611,1.4087136336063002,-0.027669988065729956,0.8467011642949547,0.03558847565046122,64.4995135944292
OPTIEMUS,861.9000244140625,0.7339278656338362,904.9950256347656,766.6392996651786,0.5039068159305667,-0.023866383198530516,0.28913324708926263,0.40316770213449854,70.75984786420936
BHAGERIA,377.54998779296875,0.7317112490616686,396.4274871826172,335.35176958356584,0.670866958539527,-0.033057746944770705,0.444372574385511,0.3016191194795088,64.46620481251458
SHIVALIK,365.04998779296875,0.7298337008141877,383.3024871826172,324.1343379313131,0.4537057661180173,-0.04728893759555186,0.23803363518758086,0.04855667513652809,43.37609152929144
SSDL,66.19999694824219,0.7185712366912147,69.5099967956543,57.412145742167304,0.3879265208255886,-0.026965434876068506,0.18499353169469598,-0.09493460991972512,60.17244183953858
AVADHSUGAR,937.5499877929688,0.7173013575788983,984.4274871826173,876.5214189801898,3.359963913954363,0.08116933679137561,0.9670116429495472,0.14148128370146498,82.31605980643977
REMSONSIND,104.0199966430664,0.7138856338079625,109.22099647521974,89.83932455247268,1.40981129209795,-0.035192287825638435,0.8473479948253557,-0.37564933876546086,58.740455841196706
RAJOOENG,62.369998931884766,0.7122790308563888,65.488498878479,58.35538594070917,7.594634803368679,0.1027689947825351,0.9915912031047865,0.44264572910726335,77.30612775544004
SYNCOMF,24.940000534057617,0.7038143267315911,26.1870005607605,22.152306556853414,1.277094918070883,0.08167195423573437,0.8040103492884865,0.2384824961692913,74.23509546391298
GPTINFRA,130.05999755859375,0.7012154662557374,136.56299743652343,122.27821132114956,4.1075609449506185,0.07699426201740256,0.9773609314359638,-0.041439207453376835,80.70232225938044
ARFIN,103.05999755859375,0.6993480114883123,108.21299743652344,95.85699546687903,5.69991690889252,0.07712871898451368,0.9857697283311773,0.25431436545245395,78.28068886523367
